"","cond((Int))","disp((Int))","cond(Month)","cond(Sh_Height)","cond(Trial)","AICc","df","logLik","AICc","delta","weight"
"4",-0.0962055945743643,"+","+",0.0306739264749573,NA,1603.22366344365,7,-794.40745215978,1603.22366344365,0,0.742566811311721
"8",-0.0962191390022152,"+","+",0.0306738723391938,"+",1605.34237158426,8,-794.407449528394,1605.34237158426,2.11870814061353,0.257432816145006
"3",0.0457812756982996,"+",NA,0.0308872940226586,NA,1632.84136288708,4,-812.348479277475,1632.84136288708,29.6176994434318,2.75000711364094e-07
"7",0.0457361091727323,"+",NA,0.0308873338317178,"+",1634.91433261573,5,-812.348470655692,1634.91433261573,31.690669172084,9.75425623932402e-08
"2",3.18394270682597,"+","+",NA,NA,2023.15858852776,6,-1005.42656699115,2023.15858852776,419.934925084111,4.81975734101627e-92
"6",3.16411602223962,"+","+",NA,"+",2024.27640475446,7,-1004.93382281519,2024.27640475446,421.052741310812,2.7560967816874e-92
"1",3.18427395094069,"+",NA,NA,NA,2043.45850677776,3,-1018.68608792125,2043.45850677776,440.234843334112,1.88344929956275e-96
"5",3.16428866514362,"+",NA,NA,"+",2044.72812201757,4,-1018.29185884272,2044.72812201757,441.504458573918,9.98298658605363e-97
