"","cond((Int))","disp((Int))","cond(mean_sh)","cond(Trial)","cond(wgdd.mean)","cond(mean_sh:Trial)","cond(mean_sh:wgdd.mean)","cond(Trial:wgdd.mean)","cond(mean_sh:Trial:wgdd.mean)","AIC","df","logLik","AIC","delta","weight"
"48",0.173739139093782,"+",-0.00215908064465472,"+",0.145073179202412,"+",NA,"+",NA,-370.624570103284,9,194.312285051642,-370.624570103284,0,NA
"56",0.297217216203392,"+",-0.0035453572662534,"+",-0.016387366621366,NA,0.00182760556419386,"+",NA,-370.225490523283,9,194.112745261641,-370.225490523283,0.399079580000944,NA
"16",0.205171051086542,"+",-0.00223872154528669,"+",0.114556689667763,"+",NA,NA,NA,-369.821129252265,8,192.910564626132,-369.821129252265,0.803440851018649,NA
"64",0.325903184857805,"+",-0.00382249076552154,"+",-0.0274696635239657,"+",0.00189961038258136,"+",NA,-369.762969580999,10,194.881484790499,-369.762969580999,0.861600522284732,NA
"6",0.178584620272874,"+",-0.00197771846495423,NA,0.113627257296047,NA,NA,NA,NA,-369.526327302829,6,190.763163651414,-369.526327302829,1.0982428004549,NA
"8",0.181394166446536,"+",-0.00196864707544434,"+",0.113739892167987,NA,NA,NA,NA,-369.308989162501,7,191.654494581251,-369.308989162501,1.31558094078252,NA
"32",0.35541246667878,"+",-0.00388014943019996,"+",-0.0558144217994262,"+",0.00187482303646051,NA,NA,-368.889879738557,9,193.444939869279,-368.889879738557,1.73469036472642,NA
"NA",NA,NA,NA,NA,NA,NA,NA,NA,NA,NA,NA,NA,NA,NA,NA
