"","cond((Int))","disp((Int))","cond(Month)","cond(Sh_Height)","cond(Trial)","cond(wgdd.mean)","AICc","df","logLik","AICc","delta","weight"
"12",-3.43192788592089,"+","+",0.0283305342266575,NA,4.4719951023124,1534.62708159022,8,-759.049804531374,1534.62708159022,0,0.727964790047522
"16",-3.44097826172196,"+","+",0.0283243430817831,"+",4.48001392860608,1536.59572394109,9,-758.966979617604,1536.59572394109,1.96864235086946,0.272035209952478
